param, dir, bench, fail,isHL,problemSize,initialZ3CoreSize,smallCoreSize,z3AssumtionsInitialSolveTime,totalTime,numLemmasExtracted,propositionalExtractionTime,isUnsat,isMinimal
P: @exp6 -file,C:\temp\smtmuc\benchmarks\QF_LRA,uart-36.base.cvc.smt,1,,,,,,,,,,
P: @exp6 -file,C:\temp\smtmuc\benchmarks\QF_UF,NEQ006_size5.smt,1,,,,,,,,,,
P: @exp6 -file,C:\temp\smtmuc\benchmarks\QF_UF,SEQ019_size5.smt,,0,510,92,82,30,638,1303,537,1,0
P: @exp6 -file,C:\temp\smtmuc\benchmarks\QF_LIA,FISCHER3-5-fair.smt,,0,1248,488,364,28,313,1202,132,1,0
P: @exp6 -file,C:\temp\smtmuc\benchmarks\QF_LIA,FISCHER9-13-fair.smt,1,,,,,,,,,,
P: @exp6 -file,C:\temp\smtmuc\benchmarks\QF_RDL,fischer9-mutex-2.smt,,0,2449,332,332,52,223,716,73,1,1
P: @exp6 -file,C:\temp\smtmuc\benchmarks\QF_IDL,FISCHER13-5-ninc.smt,,0,5542,1008,451,141,700,2037,293,1,1
P: @exp6 -file,C:\temp\smtmuc\benchmarks\QF_LIA,FISCHER7-2-fair.smt,,0,1289,198,190,19,236,404,39,1,0
P: @exp6 -file,C:\temp\smtmuc\benchmarks\QF_LIA,ParallelPrefixSum_safe_bgmc004.smt,,0,8828,90,90,194,358,166,53,1,1
P: @exp6 -file,C:\temp\smtmuc\benchmarks\QF_UF,NEQ027_size9.smt,1,,,,,,,,,,
P: @exp6 -file,C:\temp\smtmuc\benchmarks\QF_LRA,windowreal-no_t_deadlock-11.smt,,0,3963,274,135,85,265,683,74,1,1
P: @exp6 -file,C:\temp\smtmuc\benchmarks\QF_LRA,uart-30.base.cvc.smt,1,,,,,,,,,,
P: @exp6 -file,C:\temp\smtmuc\benchmarks\QF_LIA,ckt_PROP3_tf_25.smt,,0,4696,673,528,165,1233,3059,747,1,0
P: @exp6 -file,C:\temp\smtmuc\benchmarks\QF_RDL,fischer9-mutex-7.smt,,0,8369,3054,2200,1103,8242,10235,6015,1,0
P: @exp6 -file,C:\temp\smtmuc\benchmarks\QF_IDL,plan-43.cvc.smt,,0,15063,5725,2221,3817,13250,14409,7663,1,0
P: @exp6 -file,C:\temp\smtmuc\benchmarks\QF_UF,SEQ005_size8.smt,1,,,,,,,,,,
P: @exp6 -file,C:\temp\smtmuc\benchmarks\QF_UF,PEQ018_size6.smt,1,,,,,,,,,,
P: @exp6 -file,C:\temp\smtmuc\benchmarks\QF_UF,NEQ015_size3.smt,,0,2028,40,38,53,146,520,43,1,0
P: @exp6 -file,C:\temp\smtmuc\benchmarks\QF_UF,PEQ014_size8.smt,,0,1578,51,38,8326,321155,101108,311031,1,0
P: @exp6 -file,C:\temp\smtmuc\benchmarks\QF_LIA,FISCHER7-5-fair.smt,,0,2948,1090,765,81,861,2637,467,1,0
P: @exp6 -file,C:\temp\smtmuc\benchmarks\QF_LIA,FISCHER6-6-fair.smt,,0,2986,1347,881,110,1184,3230,725,1,0
P: @exp6 -file,C:\temp\smtmuc\benchmarks\QF_UF,NEQ015_size4.smt,,0,5516,40,38,203,414,981,83,1,0
P: @exp6 -file,C:\temp\smtmuc\benchmarks\QF_LIA,FISCHER7-11-fair.smt,,0,6266,4364,2539,7905,41651,12542,31414,1,0
P: @exp6 -file,C:\temp\smtmuc\benchmarks\QF_IDL,plan-20.cvc.smt,,0,6829,2149,817,634,2065,5209,873,1,0
P: @exp6 -file,C:\temp\smtmuc\benchmarks\QF_LIA,FISCHER2-6-fair.smt,,0,996,397,310,24,247,1004,95,1,0
P: @exp6 -file,C:\temp\smtmuc\benchmarks\QF_IDL,lpsat-goal-14.smt,,0,26948,6145,2415,8086,17356,13526,6962,1,1
P: @exp6 -file,C:\temp\smtmuc\benchmarks\QF_UF,SEQ010_size7.smt,,0,1076,160,136,134,3477,5225,2977,1,0
P: @exp6 -file,C:\temp\smtmuc\benchmarks\QF_IDL,FISCHER9-7-ninc.smt,,0,5172,2100,725,1706,4111,4558,1593,1,1
P: @exp6 -file,C:\temp\smtmuc\benchmarks\QF_RDL,skdmxa-3x3-14.base.cvc.smt,,0,111875,11041,5155,300522,565547,30747,249556,0,
P: @exp6 -file,C:\temp\smtmuc\benchmarks\QF_LIA,FISCHER9-4-fair.smt,,0,3116,965,678,69,655,2202,328,1,0
P: @exp6 -file,C:\temp\smtmuc\benchmarks\QF_RDL,skdmxa-3x3-13.base.cvc.smt,,0,103918,9743,4018,216015,416485,26824,188308,1,
P: @exp6 -file,C:\temp\smtmuc\benchmarks\QF_LRA,clocksynchro_5clocks.worst_case_skew.induct.smt,,0,162,127,119,15365,17721,1166,2075,1,0
P: @exp6 -file,C:\temp\smtmuc\benchmarks\QF_LIA,FISCHER7-9-fair.smt,,0,5160,2872,1748,988,6225,7806,4329,1,0
P: @exp6 -file,C:\temp\smtmuc\benchmarks\QF_LIA,FISCHER3-2-fair.smt,,0,543,94,85,8,85,204,40,1,0
P: @exp6 -file,C:\temp\smtmuc\benchmarks\QF_LIA,FISCHER7-8-fair.smt,,0,4607,2324,1496,629,3758,5957,2466,1,0
P: @exp6 -file,C:\temp\smtmuc\benchmarks\QF_RDL,fischer6-mutex-2.smt,,0,1498,203,203,32,574,443,488,1,1
P: @exp6 -file,C:\temp\smtmuc\benchmarks\QF_IDL,FISCHER7-3-ninc.smt,,0,1768,194,168,27,121,366,36,1,1
P: @exp6 -file,C:\temp\smtmuc\benchmarks\QF_LIA,FISCHER11-4-fair.smt,,0,3857,1120,857,94,981,2582,594,1,0
P: @exp6 -file,C:\temp\smtmuc\benchmarks\QF_RDL,fischer3-mutex-13.smt,,0,4277,2664,1600,5627,72064,14185,64256,1,0
P: @exp6 -file,C:\temp\smtmuc\benchmarks\QF_LIA,FISCHER10-12-fair.smt,1,,,,,,,,,,
P: @exp6 -file,C:\temp\smtmuc\benchmarks\QF_LIA,FISCHER10-9-fair.smt,,0,7494,4188,2481,1772,11228,11058,8166,1,0
P: @exp6 -file,C:\temp\smtmuc\benchmarks\QF_LIA,FISCHER4-3-fair.smt,,0,1038,243,212,18,132,533,46,1,0
P: @exp6 -file,C:\temp\smtmuc\benchmarks\QF_LRA,uart-27.base.cvc.smt,,0,6752,3268,2116,47448,522441,175370,464786,1,0
P: @exp6 -file,C:\temp\smtmuc\benchmarks\QF_LRA,simple_startup_12nodes.synchro.induct.smt,,0,5586,784,521,3601,17460,14127,12550,1,1
P: @exp6 -file,C:\temp\smtmuc\benchmarks\QF_RDL,skdmxa-3x3-16.base.cvc.smt,1,,,,,,,,,,
P: @exp6 -file,C:\temp\smtmuc\benchmarks\QF_IDL,DTP_k2_n35_c245_s19.smt,,0,245,213,171,224,2106,3568,1534,1,0
P: @exp6 -file,C:\temp\smtmuc\benchmarks\QF_LRA,sc-19.base.cvc.smt,,0,3542,1807,1334,5620,19649,9672,12761,1,0
P: @exp6 -file,C:\temp\smtmuc\benchmarks\QF_RDL,fischer3-mutex-4.smt,,0,1343,247,195,28,170,726,55,1,0
P: @exp6 -file,C:\temp\smtmuc\benchmarks\QF_RDL,fischer6-mutex-9.smt,,0,6531,3589,2264,8166,35774,16041,24917,1,0
P: @exp6 -file,C:\temp\smtmuc\benchmarks\QF_IDL,qlock-4-10-9.base.cvc.smt,,0,10804,3499,1422,6224,13347,10090,5413,1,0
P: @exp6 -file,C:\temp\smtmuc\benchmarks\QF_RDL,fischer3-mutex-18.smt,1,,,,,,,,,,
P: @exp6 -file,C:\temp\smtmuc\benchmarks\QF_LRA,pursuit-safety-18.smt,,0,2978,421,299,92,525,1741,258,1,0
P: @exp6 -file,C:\temp\smtmuc\benchmarks\QF_RDL,fischer3-mutex-20.smt,1,,,,,,,,,,
P: @exp6 -file,C:\temp\smtmuc\benchmarks\QF_UF,NEQ032_size3.smt,,0,246,120,115,65,575,3905,339,1,0
P: @exp6 -file,C:\temp\smtmuc\benchmarks\QF_IDL,SortingNetwork4_safe_bgmc002.smt,,0,484,5,5,9,39,6,21,1,1
P: @exp6 -file,C:\temp\smtmuc\benchmarks\QF_LRA,simple_startup_11nodes.abstract.base.smt,,0,3423,199,199,92,270,755,53,1,1
P: @exp6 -file,C:\temp\smtmuc\benchmarks\QF_RDL,fischer3-mutex-1.smt,,0,365,42,42,8,54,106,22,1,1
P: @exp6 -file,C:\temp\smtmuc\benchmarks\QF_LRA,windowreal-no_t_deadlock-15.smt,,0,5423,205,183,122,244,411,35,1,1
P: @exp6 -file,C:\temp\smtmuc\benchmarks\QF_LIA,ckt_PROP5_tf_25.smt,,0,19,4,4,0,49,8,38,1,1
P: @exp6 -file,C:\temp\smtmuc\benchmarks\QF_LIA,FISCHER10-3-fair.smt,,0,2682,544,458,47,321,1101,120,1,0
P: @exp6 -file,C:\temp\smtmuc\benchmarks\QF_LRA,uart-38.base.cvc.smt,1,,,,,,,,,,
P: @exp6 -file,C:\temp\smtmuc\benchmarks\QF_IDL,SortingNetwork8_safe_blmc008.smt,,0,50578,44,44,1456,1777,88,22,1,1
P: @exp6 -file,C:\temp\smtmuc\benchmarks\QF_RDL,skdmxa-3x3-7.base.cvc.smt,,0,56176,2814,1144,6524,9572,7222,1864,1,1
P: @exp6 -file,C:\temp\smtmuc\benchmarks\QF_LIA,FISCHER11-10-fair.smt,,0,9179,5296,3178,4971,54302,14391,47311,1,0
P: @exp6 -file,C:\temp\smtmuc\benchmarks\QF_IDL,bignum_idl1.smt,,0,4,4,4,1,38,8,29,1,1
P: @exp6 -file,C:\temp\smtmuc\benchmarks\QF_LIA,ParallelPrefixSum_safe_bgmc005.smt,,0,11192,115,115,253,434,216,37,1,1
P: @exp6 -file,C:\temp\smtmuc\benchmarks\QF_LIA,FISCHER9-10-fair.smt,,0,7424,4611,2703,4812,41958,12972,35208,1,0
P: @exp6 -file,C:\temp\smtmuc\benchmarks\QF_UF,SEQ018_size6.smt,1,,,,,,,,,,
P: @exp6 -file,C:\temp\smtmuc\benchmarks\QF_LIA,FISCHER8-2-fair.smt,,0,1483,229,208,23,184,459,45,1,0
P: @exp6 -file,C:\temp\smtmuc\benchmarks\QF_RDL,skdmxa-3x3-5.base.cvc.smt,,0,40262,1229,727,1838,2784,2557,394,1,1
P: @exp6 -file,C:\temp\smtmuc\benchmarks\QF_UF,NEQ033_size3.smt,,0,1464,65,64,31,417,390,319,1,0
P: @exp6 -file,C:\temp\smtmuc\benchmarks\QF_LRA,sc-20.base.cvc.smt,,0,3727,1858,1407,5357,17732,8680,11290,1,0
P: @exp6 -file,C:\temp\smtmuc\benchmarks\QF_LIA,FISCHER5-9-fair.smt,,0,3654,2263,1302,657,3625,6147,2289,1,0
P: @exp6 -file,C:\temp\smtmuc\benchmarks\QF_LIA,FISCHER11-8-fair.smt,,0,7405,3761,2404,1263,7860,9524,5510,1,0
P: @exp6 -file,C:\temp\smtmuc\benchmarks\QF_LIA,FISCHER7-10-fair.smt,,0,5713,3658,2080,2481,13703,10194,9861,1,0
P: @exp6 -file,C:\temp\smtmuc\benchmarks\QF_LRA,uart-34.base.cvc.smt,1,,,,,,,,,,
P: @exp6 -file,C:\temp\smtmuc\benchmarks\QF_LRA,clocksynchro_4clocks.worst_case_skew.induct.smt,,0,128,98,94,3939,4678,808,582,1,0
P: @exp6 -file,C:\temp\smtmuc\benchmarks\QF_LIA,FISCHER4-6-fair.smt,,0,1977,913,623,62,685,2223,369,1,0
P: @exp6 -file,C:\temp\smtmuc\benchmarks\QF_UF,NEQ016_size6.smt,,0,405,360,230,959,157090,173315,152255,1,0
P: @exp6 -file,C:\temp\smtmuc\benchmarks\QF_IDL,inf-bakery-mutex-3.smt,,0,315,57,56,7,52,106,23,1,1
P: @exp6 -file,C:\temp\smtmuc\benchmarks\QF_IDL,plan-46.cvc.smt,,0,16137,5818,2311,4256,14311,14428,8274,1,0
P: @exp6 -file,C:\temp\smtmuc\benchmarks\QF_LIA,FISCHER1-5-fair.smt,,0,434,75,70,7,56,128,23,1,1
P: @exp6 -file,C:\temp\smtmuc\benchmarks\QF_LIA,ParallelPrefixSum_safe_blmc004.smt,,0,25168,132,132,683,1004,264,31,1,1
P: @exp6 -file,C:\temp\smtmuc\benchmarks\QF_RDL,skdmxa-3x3-9.base.cvc.smt,,0,72090,5070,1551,18004,24290,13998,4044,1,0
P: @exp6 -file,C:\temp\smtmuc\benchmarks\QF_RDL,fischer6-mutex-11.smt,,0,7969,4672,2770,20192,207298,22631,183314,1,0
P: @exp6 -file,C:\temp\smtmuc\benchmarks\QF_UF,SEQ038_size7.smt,,0,1182,161,107,426,993,2858,392,1,0
P: @exp6 -file,C:\temp\smtmuc\benchmarks\QF_UF,SEQ004_size5.smt,,0,674,190,170,14,564,810,403,1,0
P: @exp6 -file,C:\temp\smtmuc\benchmarks\QF_UF,SEQ015_size3.smt,,0,74,72,66,63,7945,27996,7195,1,0
P: @exp6 -file,C:\temp\smtmuc\benchmarks\QF_RDL,fischer9-mutex-12.smt,1,,,,,,,,,,
P: @exp6 -file,C:\temp\smtmuc\benchmarks\QF_IDL,FISCHER9-2-ninc.smt,,0,1587,54,54,22,76,100,25,1,1
P: @exp6 -file,C:\temp\smtmuc\benchmarks\QF_UF,NEQ031_size7.smt,,0,5790,1246,635,1418,87562,55157,84512,1,0
P: @exp6 -file,C:\temp\smtmuc\benchmarks\QF_LIA,FISCHER2-4-fair.smt,,0,680,170,145,11,97,344,34,1,0
P: @exp6 -file,C:\temp\smtmuc\benchmarks\QF_LIA,FISCHER9-5-fair.smt,,0,3834,1419,884,144,1181,3422,630,1,0
P: @exp6 -file,C:\temp\smtmuc\benchmarks\QF_LIA,FISCHER8-8-fair.smt,,0,5293,2693,1735,756,5064,6899,3476,1,0
P: @exp6 -file,C:\temp\smtmuc\benchmarks\QF_LIA,ckt_PROP5_tf_15.smt,,0,19,4,4,0,54,8,45,1,1
P: @exp6 -file,C:\temp\smtmuc\benchmarks\QF_LRA,sc-38.base.cvc.smt,,0,7057,3880,2863,41149,120908,17695,75444,1,
P: @exp6 -file,C:\temp\smtmuc\benchmarks\QF_LIA,ckt_PROP8_tf_30.smt,,0,5954,125,115,196,673,1711,308,1,0
P: @exp6 -file,C:\temp\smtmuc\benchmarks\QF_LRA,fs_frame_gap.induction.smt,,0,1669,106,100,42,161,517,53,1,0
P: @exp6 -file,C:\temp\smtmuc\benchmarks\QF_UF,SEQ013_size4.smt,,0,147,121,117,192,8871,40571,8217,1,0
P: @exp6 -file,C:\temp\smtmuc\benchmarks\QF_UF,PEQ004_size8.smt,1,,,,,,,,,,
P: @exp6 -file,C:\temp\smtmuc\benchmarks\QF_RDL,skdmxa-3x3-15.base.cvc.smt,1,,,,,,,,,,
P: @exp6 -file,C:\temp\smtmuc\benchmarks\QF_UF,NEQ031_size9.smt,1,,,,,,,,,,
P: @exp6 -file,C:\temp\smtmuc\benchmarks\QF_IDL,FastMax_live_blmc000.smt,,0,796,3,3,14,49,2,24,1,1
P: @exp6 -file,C:\temp\smtmuc\benchmarks\QF_RDL,fischer9-mutex-5.smt,,0,6001,1803,1129,479,2214,5557,1100,1,0
P: @exp6 -file,C:\temp\smtmuc\benchmarks\QF_RDL,abz6_900.smt,,0,561,178,169,392,2548,1882,1866,1,0
P: @exp6 -file,C:\temp\smtmuc\benchmarks\QF_LRA,sc-25.base.cvc.smt,,0,4652,2496,1802,13139,35058,11605,20030,1,0
P: @exp6 -file,C:\temp\smtmuc\benchmarks\QF_UF,NEQ046_size6.smt,,0,28122,224,109,8618,19741,10428,9699,1,0
P: @exp6 -file,C:\temp\smtmuc\benchmarks\QF_IDL,inf-bakery-mutex-4.smt,,0,413,115,99,10,98,425,36,1,0
P: @exp6 -file,C:\temp\smtmuc\benchmarks\QF_RDL,fischer6-mutex-6.smt,,0,4374,1160,831,216,1392,3889,736,1,0
P: @exp6 -file,C:\temp\smtmuc\benchmarks\QF_LRA,simple_startup_7nodes.abstract.induct.smt,,0,6169,5186,3414,41111,258582,63351,211338,1,0
P: @exp6 -file,C:\temp\smtmuc\benchmarks\QF_LRA,windowreal-no_t_deadlock-8.smt,,0,2868,104,99,53,125,202,26,1,1
P: @exp6 -file,C:\temp\smtmuc\benchmarks\QF_RDL,fischer6-mutex-1.smt,,0,779,84,84,15,82,205,29,1,1
P: @exp6 -file,C:\temp\smtmuc\benchmarks\QF_LIA,int_incompleteness2.smt,,0,4,4,4,29,96,15,59,1,1
P: @exp6 -file,C:\temp\smtmuc\benchmarks\QF_LRA,simple_startup_9nodes.abstract.induct.smt,1,,,,,,,,,,
P: @exp6 -file,C:\temp\smtmuc\benchmarks\QF_RDL,orb10_800.smt,,0,561,127,126,135,552,1103,277,1,0
P: @exp6 -file,C:\temp\smtmuc\benchmarks\QF_IDL,plan-41.cvc.smt,,0,14347,5597,1989,3537,11409,14290,6185,1,0
P: @exp6 -file,C:\temp\smtmuc\benchmarks\QF_IDL,Partition_safe_blmc002.smt,,0,10146,210,162,196,334,456,34,1,1
P: @exp6 -file,C:\temp\smtmuc\benchmarks\QF_LIA,FISCHER11-12-fair.smt,1,,,,,,,,,,
P: @exp6 -file,C:\temp\smtmuc\benchmarks\QF_LRA,uart-39.base.cvc.smt,1,,,,,,,,,,
P: @exp6 -file,C:\temp\smtmuc\benchmarks\QF_LIA,FISCHER9-12-fair.smt,1,,,,,,,,,,
P: @exp6 -file,C:\temp\smtmuc\benchmarks\QF_LRA,sc-22.base.cvc.smt,,0,4097,2191,1559,8468,25634,10990,15638,1,0
P: @exp6 -file,C:\temp\smtmuc\benchmarks\QF_UF,NEQ048_size7.smt,1,,,,,,,,,,
P: @exp6 -file,C:\temp\smtmuc\benchmarks\QF_LIA,FISCHER7-6-fair.smt,,0,3501,1459,1019,143,1465,3618,913,1,0
P: @exp6 -file,C:\temp\smtmuc\benchmarks\QF_UF,NEQ015_size6.smt,,0,25935,118,76,5162,10873,8079,5327,1,0
P: @exp6 -file,C:\temp\smtmuc\benchmarks\QF_UF,NEQ041_size9.smt,1,,,,,,,,,,
P: @exp6 -file,C:\temp\smtmuc\benchmarks\QF_IDL,Partition_safe_bgmc002.smt,,0,2283,37,37,36,80,62,22,1,1
P: @exp6 -file,C:\temp\smtmuc\benchmarks\QF_LIA,FISCHER6-3-fair.smt,,0,1570,354,298,27,182,749,66,1,0
P: @exp6 -file,C:\temp\smtmuc\benchmarks\QF_RDL,skdmxa-3x3-15.smt,,0,123372,7216,3010,125352,316179,37450,182303,1,0
P: @exp6 -file,C:\temp\smtmuc\benchmarks\QF_RDL,fischer6-mutex-4.smt,,0,2936,615,467,74,452,1712,174,1,0
P: @exp6 -file,C:\temp\smtmuc\benchmarks\QF_LIA,ckt_PROP8_tf_10.smt,,0,1227,52,52,21,70,95,23,1,1
P: @exp6 -file,C:\temp\smtmuc\benchmarks\QF_UF,SEQ032_size3.smt,,0,56,56,41,26,1696,10772,1211,1,0
P: @exp6 -file,C:\temp\smtmuc\benchmarks\QF_UF,NEQ032_size5.smt,1,,,,,,,,,,
P: @exp6 -file,C:\temp\smtmuc\benchmarks\QF_RDL,orb04_850.smt,,0,561,62,59,81,364,526,71,1,0
P: @exp6 -file,C:\temp\smtmuc\benchmarks\QF_UF,PEQ019_size7.smt,1,,,,,,,,,,
P: @exp6 -file,C:\temp\smtmuc\benchmarks\QF_UF,PEQ016_size6.smt,1,,,,,,,,,,
P: @exp6 -file,C:\temp\smtmuc\benchmarks\QF_UF,NEQ016_size5.smt,,0,261,198,142,151,10550,35153,9526,1,0
P: @exp6 -file,C:\temp\smtmuc\benchmarks\QF_RDL,yn3_750.smt,,0,4221,121,121,1355,1788,915,270,1,0
P: @exp6 -file,C:\temp\smtmuc\benchmarks\QF_UF,PEQ019_size6.smt,1,,,,,,,,,,
P: @exp6 -file,C:\temp\smtmuc\benchmarks\QF_UF,PEQ018_size5.smt,1,,,,,,,,,,
P: @exp6 -file,C:\temp\smtmuc\benchmarks\QF_UF,NEQ041_size8.smt,1,,,,,,,,,,
P: @exp6 -file,C:\temp\smtmuc\benchmarks\QF_IDL,MinMax_safe_bgmc002.smt,,0,3169,19,19,57,108,32,27,1,1
P: @exp6 -file,C:\temp\smtmuc\benchmarks\QF_LRA,tgc_io-safe-14.smt,,0,3615,1406,1058,211,3489,4092,2800,1,0
P: @exp6 -file,C:\temp\smtmuc\benchmarks\QF_LIA,ckt_PROP5_tf_20.smt,,0,19,4,4,1,30,8,22,1,1
P: @exp6 -file,C:\temp\smtmuc\benchmarks\QF_LIA,FISCHER11-6-fair.smt,,0,5631,2087,1533,245,2588,5002,1798,1,0
P: @exp6 -file,C:\temp\smtmuc\benchmarks\QF_LIA,ckt_PROP2_tf_15.smt,,0,282,34,25,17,118,406,50,1,0
P: @exp6 -file,C:\temp\smtmuc\benchmarks\QF_RDL,fischer6-mutex-19.smt,1,,,,,,,,,,
P: @exp6 -file,C:\temp\smtmuc\benchmarks\QF_LRA,tgc_io-safe-2.smt,,0,519,30,28,8,46,58,22,1,1
P: @exp6 -file,C:\temp\smtmuc\benchmarks\QF_LIA,FISCHER8-7-fair.smt,,0,4658,2108,1452,345,3109,5132,2203,1,0
P: @exp6 -file,C:\temp\smtmuc\benchmarks\QF_UF,NEQ023_size5.smt,,0,793,365,120,3177,74006,9829,70006,1,1
P: @exp6 -file,C:\temp\smtmuc\benchmarks\QF_IDL,plan-11.cvc.smt,,0,3607,715,357,105,460,1586,125,1,0
P: @exp6 -file,C:\temp\smtmuc\benchmarks\QF_UF,NEQ004_size5.smt,,0,492,300,229,745,17763,49440,16214,1,0
P: @exp6 -file,C:\temp\smtmuc\benchmarks\QF_LRA,tgc_io-nosafe-4.smt,,0,1035,123,93,19,100,348,32,1,0
P: @exp6 -file,C:\temp\smtmuc\benchmarks\QF_IDL,SelectionSort_safe_blmc004.smt,,0,41171,130,130,975,1267,260,31,1,1
P: @exp6 -file,C:\temp\smtmuc\benchmarks\QF_RDL,fischer3-mutex-15.smt,,0,4929,3108,1883,6717,151529,16479,142281,1,0
P: @exp6 -file,C:\temp\smtmuc\benchmarks\QF_RDL,fischer3-mutex-14.smt,,0,4603,2930,1755,9110,102752,15544,90867,1,0
P: @exp6 -file,C:\temp\smtmuc\benchmarks\QF_LIA,FISCHER8-9-fair.smt,,0,5928,3256,1995,1252,7299,8588,5035,1,0
P: @exp6 -file,C:\temp\smtmuc\benchmarks\QF_RDL,fischer9-mutex-4.smt,,0,4817,1005,789,144,897,2818,407,1,0
P: @exp6 -file,C:\temp\smtmuc\benchmarks\QF_UF,PEQ016_size4.smt,,0,836,413,319,1601,593693,287204,285580,1,
P: @exp6 -file,C:\temp\smtmuc\benchmarks\QF_LRA,pursuit-safety-9.smt,,0,1448,368,262,85,500,1789,259,1,0
P: @exp6 -file,C:\temp\smtmuc\benchmarks\QF_RDL,fischer3-mutex-6.smt,,0,1995,579,352,68,498,2219,191,1,0
P: @exp6 -file,C:\temp\smtmuc\benchmarks\QF_UF,SEQ010_size6.smt,1,,,,,,,,,,
P: @exp6 -file,C:\temp\smtmuc\benchmarks\QF_IDL,SortingNetwork8_safe_bgmc003.smt,,0,4467,13,13,95,144,20,21,1,1
P: @exp6 -file,C:\temp\smtmuc\benchmarks\QF_IDL,BubbleSort_live_bgmc011.smt,,0,52308,385,385,1095,1493,738,74,1,1
P: @exp6 -file,C:\temp\smtmuc\benchmarks\QF_LIA,wisa2.smt,,0,254,81,81,256,2110,1059,1616,1,0
P: @exp6 -file,C:\temp\smtmuc\benchmarks\QF_LIA,FISCHER6-7-fair.smt,,0,3458,1585,1079,238,1773,3794,1083,1,0
P: @exp6 -file,C:\temp\smtmuc\benchmarks\QF_LIA,FISCHER10-7-fair.smt,,0,5890,2780,1817,516,4632,6884,3363,1,0
P: @exp6 -file,C:\temp\smtmuc\benchmarks\QF_UF,PEQ011_size6.smt,1,,,,,,,,,,
P: @exp6 -file,C:\temp\smtmuc\benchmarks\QF_UF,NEQ033_size6.smt,,0,8589,617,386,2702,17535,10959,14092,1,0
P: @exp6 -file,C:\temp\smtmuc\benchmarks\QF_LIA,ckt_PROP2_tf_20.smt,,0,465,33,31,33,200,737,95,1,0
P: @exp6 -file,C:\temp\smtmuc\benchmarks\QF_LRA,pursuit-safety-3.smt,,0,428,97,81,12,150,462,81,1,0
P: @exp6 -file,C:\temp\smtmuc\benchmarks\QF_UF,NEQ027_size8.smt,,0,8268,1934,1081,9041,488958,141898,476663,1,0
P: @exp6 -file,C:\temp\smtmuc\benchmarks\QF_LRA,sc-26.base.cvc.smt,,0,4837,2544,1893,13259,42299,12311,26969,1,0
P: @exp6 -file,C:\temp\smtmuc\benchmarks\QF_UF,PEQ018_size4.smt,,0,100,98,85,326,39652,45600,38403,1,0
P: @exp6 -file,C:\temp\smtmuc\benchmarks\QF_RDL,fischer3-mutex-19.smt,1,,,,,,,,,,
P: @exp6 -file,C:\temp\smtmuc\benchmarks\QF_LRA,clocksynchro_2clocks.main_invar.induct.smt,,0,350,233,226,1822,2732,1657,713,1,0
P: @exp6 -file,C:\temp\smtmuc\benchmarks\QF_UF,PEQ010_size5.smt,,0,477,33,33,86,2057,1096,1545,1,0
P: @exp6 -file,C:\temp\smtmuc\benchmarks\QF_LRA,windowreal-no_t_deadlock-1.smt,,0,313,15,15,5,57,24,24,1,1
P: @exp6 -file,C:\temp\smtmuc\benchmarks\QF_UF,SEQ035_size5.smt,1,,,,,,,,,,
P: @exp6 -file,C:\temp\smtmuc\benchmarks\QF_LRA,uart-6.base.cvc.smt,,0,1523,268,162,64,531,1627,332,1,0
P: @exp6 -file,C:\temp\smtmuc\benchmarks\QF_RDL,skdmxa-3x3-6.base.cvc.smt,,0,48219,1979,856,4037,5994,4659,969,1,1
P: @exp6 -file,C:\temp\smtmuc\benchmarks\QF_IDL,qlock-4-10-11.base.cvc.smt,,0,13170,4440,1983,12164,29276,12297,14811,1,0
P: @exp6 -file,C:\temp\smtmuc\benchmarks\QF_UF,NEQ048_size9.smt,1,,,,,,,,,,
P: @exp6 -file,C:\temp\smtmuc\benchmarks\QF_RDL,skdmxa-3x3-8.base.cvc.smt,,0,64133,3867,1687,11153,17991,10641,5077,1,1
P: @exp6 -file,C:\temp\smtmuc\benchmarks\QF_UF,SEQ017_size5.smt,,0,611,144,98,44,684,2838,528,1,0
P: @exp6 -file,C:\temp\smtmuc\benchmarks\QF_LRA,simple_startup_14nodes.abstract.base.smt,,0,4865,251,251,203,435,955,75,1,1
P: @exp6 -file,C:\temp\smtmuc\benchmarks\QF_LRA,windowreal-safe-2.smt,,0,715,47,46,11,85,93,50,1,1
P: @exp6 -file,C:\temp\smtmuc\benchmarks\QF_IDL,DTP_k2_n35_c245_s1.smt,,0,245,202,147,239,1644,3558,1096,1,0
P: @exp6 -file,C:\temp\smtmuc\benchmarks\QF_LRA,uart-32.base.cvc.smt,1,,,,,,,,,,
P: @exp6 -file,C:\temp\smtmuc\benchmarks\QF_UF,NEQ046_size3.smt,,0,2352,26,22,48,7186,353,5397,1,0
P: @exp6 -file,C:\temp\smtmuc\benchmarks\QF_LIA,MULTIPLIER_7.msat.smt,1,,,,,,,,,,
P: @exp6 -file,C:\temp\smtmuc\benchmarks\QF_LRA,clocksynchro_6clocks.worst_case_skew.base.smt,,0,20,6,6,1,34,24,22,1,1
P: @exp6 -file,C:\temp\smtmuc\benchmarks\QF_UF,PEQ004_size7.smt,1,,,,,,,,,,
P: @exp6 -file,C:\temp\smtmuc\benchmarks\QF_LIA,FISCHER4-2-fair.smt,,0,725,124,112,11,79,262,28,1,0
P: @exp6 -file,C:\temp\smtmuc\benchmarks\QF_LIA,ckt_PROP2_tf_10.smt,,0,145,29,19,7,80,203,34,1,0
P: @exp6 -file,C:\temp\smtmuc\benchmarks\QF_UF,SEQ009_size8.smt,,0,293,220,73,7627,124404,579501,111920,1,0
P: @exp6 -file,C:\temp\smtmuc\benchmarks\QF_RDL,skdmxa-3x3-11.base.cvc.smt,,0,88004,7463,2387,57242,76463,20691,14276,1,1
P: @exp6 -file,C:\temp\smtmuc\benchmarks\QF_UF,SEQ038_size9.smt,,0,2265,358,220,858,6104,11354,4866,1,0
P: @exp6 -file,C:\temp\smtmuc\benchmarks\QF_LRA,uart-13.base.cvc.smt,,0,3266,1209,798,1713,9565,22166,6850,1,0
P: @exp6 -file,C:\temp\smtmuc\benchmarks\QF_IDL,qlock-4-10-14.base.cvc.smt,1,,,,,,,,,,
P: @exp6 -file,C:\temp\smtmuc\benchmarks\QF_LRA,sc-16.base.cvc.smt,,0,2987,1433,1091,3346,10436,6675,6318,1,0
P: @exp6 -file,C:\temp\smtmuc\benchmarks\QF_IDL,FISCHER4-4-ninc.smt,,0,1306,316,230,24,168,614,61,1,1
P: @exp6 -file,C:\temp\smtmuc\benchmarks\QF_IDL,DTP_k2_n35_c210_s16.smt,,0,210,174,139,213,1618,3069,1138,1,0
P: @exp6 -file,C:\temp\smtmuc\benchmarks\QF_LRA,simple_startup_7nodes.synchro.base.smt,,0,2467,118,118,55,169,397,50,1,1
P: @exp6 -file,C:\temp\smtmuc\benchmarks\QF_IDL,FISCHER3-2-ninc.smt,,0,510,58,54,7,59,108,23,1,1
P: @exp6 -file,C:\temp\smtmuc\benchmarks\QF_LRA,uart-28.base.cvc.smt,,0,7001,3372,2298,47416,591183,170352,534406,,
P: @exp6 -file,C:\temp\smtmuc\benchmarks\QF_UF,PEQ013_size6.smt,1,,,,,,,,,,
P: @exp6 -file,C:\temp\smtmuc\benchmarks\QF_LIA,FISCHER5-2-fair.smt,,0,910,151,131,14,95,330,32,1,0
P: @exp6 -file,C:\temp\smtmuc\benchmarks\QF_LIA,FISCHER6-2-fair.smt,,0,1098,173,163,16,112,356,40,1,0
P: @exp6 -file,C:\temp\smtmuc\benchmarks\QF_LRA,uart-24.base.cvc.smt,,0,6005,2754,1840,23974,288503,115151,259125,1,0
P: @exp6 -file,C:\temp\smtmuc\benchmarks\QF_LIA,FISCHER9-11-fair.smt,,0,8142,5243,3007,8390,122152,14953,111249,1,0
P: @exp6 -file,C:\temp\smtmuc\benchmarks\QF_LIA,FISCHER8-10-fair.smt,,0,6563,4179,2263,3175,18753,11594,14005,1,0
P: @exp6 -file,C:\temp\smtmuc\benchmarks\QF_RDL,fischer9-mutex-3.smt,,0,3633,655,499,92,466,1652,173,1,0
P: @exp6 -file,C:\temp\smtmuc\benchmarks\QF_RDL,fischer6-mutex-20.smt,1,,,,,,,,,,
P: @exp6 -file,C:\temp\smtmuc\benchmarks\QF_LIA,MULTIPLIER_4.msat.smt,,0,83,68,68,64,10910,886,10471,1,0
P: @exp6 -file,C:\temp\smtmuc\benchmarks\QF_LRA,uart-29.base.cvc.smt,1,,,,,,,,,,
P: @exp6 -file,C:\temp\smtmuc\benchmarks\QF_LIA,ckt_PROP8_tf_25.smt,,0,4722,123,120,146,593,1422,324,1,0
P: @exp6 -file,C:\temp\smtmuc\benchmarks\QF_LIA,FISCHER10-6-fair.smt,,0,5088,2055,1430,256,2403,4889,1624,1,0
P: @exp6 -file,C:\temp\smtmuc\benchmarks\QF_IDL,InsertionSort_safe_bgmc004.smt,,0,15688,108,99,310,470,202,45,1,1
P: @exp6 -file,C:\temp\smtmuc\benchmarks\QF_UF,PEQ004_size6.smt,,0,1075,624,415,671,144152,81150,141463,1,0
P: @exp6 -file,C:\temp\smtmuc\benchmarks\QF_LRA,sc-14.base.cvc.smt,,0,2617,1213,934,1577,7436,5951,5267,1,0
P: @exp6 -file,C:\temp\smtmuc\benchmarks\QF_RDL,fischer6-mutex-8.smt,,0,5812,2607,1661,1376,10370,10173,7785,1,0
P: @exp6 -file,C:\temp\smtmuc\benchmarks\QF_IDL,BubbleSort_safe_blmc010.smt,,0,150628,638,637,4053,5291,1276,170,1,1
P: @exp6 -file,C:\temp\smtmuc\benchmarks\QF_LRA,sc-32.base.cvc.smt,,0,5947,3233,2363,28110,71974,15349,39963,1,
P: @exp6 -file,C:\temp\smtmuc\benchmarks\QF_LRA,gasburner-prop3-9.smt,,0,329,134,131,11,276,785,174,1,0
P: @exp6 -file,C:\temp\smtmuc\benchmarks\QF_LRA,clocksynchro_3clocks.worst_case_skew.base.smt,,0,14,6,6,1,36,24,25,1,1
P: @exp6 -file,C:\temp\smtmuc\benchmarks\QF_LRA,good_frame_update.induction.smt,,0,1073,38,38,22,95,229,28,1,0
P: @exp6 -file,C:\temp\smtmuc\benchmarks\QF_LIA,FISCHER8-12-fair.smt,,0,7833,5622,3142,38453,334253,16777,288548,1,0
P: @exp6 -file,C:\temp\smtmuc\benchmarks\QF_LRA,uart-11.base.cvc.smt,,0,2768,954,624,761,5194,12093,3807,1,0
P: @exp6 -file,C:\temp\smtmuc\benchmarks\QF_RDL,fischer6-mutex-10.smt,,0,7250,4105,2422,16423,91978,18818,71847,1,0
P: @exp6 -file,C:\temp\smtmuc\benchmarks\QF_UF,NEQ006_size4.smt,,0,1087,621,530,6916,334236,85564,324654,1,0
P: @exp6 -file,C:\temp\smtmuc\benchmarks\QF_UF,PEQ012_size5.smt,1,,,,,,,,,,
P: @exp6 -file,C:\temp\smtmuc\benchmarks\QF_IDL,PO2-3-PO2.smt,,0,781,60,60,10,59,108,21,1,1
P: @exp6 -file,C:\temp\smtmuc\benchmarks\QF_RDL,fischer9-mutex-9.smt,,0,10737,5999,3713,29386,170958,26127,135081,1,0
P: @exp6 -file,C:\temp\smtmuc\benchmarks\QF_LRA,gasburner-prop3-2.smt,,0,64,20,20,2,43,91,25,1,0
P: @exp6 -file,C:\temp\smtmuc\benchmarks\QF_LRA,gasburner-prop3-5.smt,,0,181,69,67,6,103,380,49,1,0
P: @exp6 -file,C:\temp\smtmuc\benchmarks\QF_LRA,tgc_io-nosafe-1.smt,,0,245,10,10,4,38,16,24,1,1
P: @exp6 -file,C:\temp\smtmuc\benchmarks\QF_LIA,FISCHER9-6-fair.smt,,0,4552,1851,1283,231,2004,4495,1270,1,0
P: @exp6 -file,C:\temp\smtmuc\benchmarks\QF_LRA,pd_init_op_accs.induction.smt,,0,560,30,30,11,60,133,25,1,0
P: @exp6 -file,C:\temp\smtmuc\benchmarks\QF_UF,PEQ010_size8.smt,,0,1587,66,63,9318,162103,116887,150924,1,0
P: @exp6 -file,C:\temp\smtmuc\benchmarks\QF_LRA,sc-34.base.cvc.smt,,0,6317,3486,2511,32865,91522,18670,54159,1,0
P: @exp6 -file,C:\temp\smtmuc\benchmarks\QF_LIA,ckt_PROP8_tf_15.smt,,0,2334,81,81,46,149,391,43,1,1
P: @exp6 -file,C:\temp\smtmuc\benchmarks\QF_RDL,orb01_900.smt,,0,561,162,152,556,4973,2005,4021,1,0
P: @exp6 -file,C:\temp\smtmuc\benchmarks\QF_LRA,gasburner-prop3-20.smt,,0,736,301,294,45,817,1759,594,1,0
P: @exp6 -file,C:\temp\smtmuc\benchmarks\QF_LRA,no_op_accs.induction.smt,,0,558,19,19,11,56,32,33,1,1
P: @exp6 -file,C:\temp\smtmuc\benchmarks\QF_IDL,scen08.smt,,0,34424,126,116,1933,2588,1317,199,1,0
P: @exp6 -file,C:\temp\smtmuc\benchmarks\QF_RDL,fischer9-mutex-13.smt,1,,,,,,,,,,
P: @exp6 -file,C:\temp\smtmuc\benchmarks\QF_LRA,uart-26.base.cvc.smt,,0,6503,3089,2045,36719,429270,146950,384332,1,0
P: @exp6 -file,C:\temp\smtmuc\benchmarks\QF_LRA,pursuit-safety-12.smt,,0,1958,410,273,77,616,1925,262,1,0
P: @exp6 -file,C:\temp\smtmuc\benchmarks\QF_IDL,inf-bakery-mutex-19.smt,,0,1883,896,691,249,1389,5423,752,1,0
P: @exp6 -file,C:\temp\smtmuc\benchmarks\QF_UF,SEQ038_size6.smt,1,,,,,,,,,,
P: @exp6 -file,C:\temp\smtmuc\benchmarks\QF_IDL,plan-47.cvc.smt,,0,16495,6409,2794,9486,26686,16578,14507,1,0
P: @exp6 -file,C:\temp\smtmuc\benchmarks\QF_IDL,inf-bakery-mutex-11.smt,,0,1099,507,369,92,530,2879,233,1,0
P: @exp6 -file,C:\temp\smtmuc\benchmarks\QF_UF,SEQ005_size7.smt,,0,1377,153,118,163,1821,4408,1486,1,0
P: @exp6 -file,C:\temp\smtmuc\benchmarks\QF_IDL,FISCHER8-5-ninc.smt,,0,3302,708,389,93,459,1466,191,1,1
P: @exp6 -file,C:\temp\smtmuc\benchmarks\QF_IDL,BubbleSort_safe_blmc008.smt,,0,112642,358,341,2893,3676,716,87,1,1
P: @exp6 -file,C:\temp\smtmuc\benchmarks\QF_UF,PEQ002_size7.smt,1,,,,,,,,,,
P: @exp6 -file,C:\temp\smtmuc\benchmarks\QF_UF,NEQ046_size4.smt,,0,6217,70,64,351,4150,1094,3122,1,0
P: @exp6 -file,C:\temp\smtmuc\benchmarks\QF_LRA,gasburner-prop3-6.smt,,0,218,82,79,8,111,459,53,1,0
P: @exp6 -file,C:\temp\smtmuc\benchmarks\QF_LRA,sc-18.base.cvc.smt,,0,3357,1674,1234,3877,13369,8119,8452,1,0
P: @exp6 -file,C:\temp\smtmuc\benchmarks\QF_UF,PEQ010_size6.smt,,0,754,42,35,99,3936,2151,2065,1,0
P: @exp6 -file,C:\temp\smtmuc\benchmarks\QF_UF,PEQ020_size4.smt,,0,486,236,164,729,24180,118168,22386,1,0
P: @exp6 -file,C:\temp\smtmuc\benchmarks\QF_LRA,tgc_io-safe-15.smt,,0,3873,1588,1169,234,4654,4469,3895,1,0
P: @exp6 -file,C:\temp\smtmuc\benchmarks\QF_IDL,jobshop12-2-6-6-4-4-11.smt,,0,216,66,66,466,135438,5934,133925,1,0
P: @exp6 -file,C:\temp\smtmuc\benchmarks\QF_RDL,fischer3-mutex-8.smt,,0,2647,1199,686,251,2117,5045,1320,1,0
P: @exp6 -file,C:\temp\smtmuc\benchmarks\QF_UF,PEQ012_size4.smt,1,,,,,,,,,,
P: @exp6 -file,C:\temp\smtmuc\benchmarks\QF_LIA,FISCHER7-4-fair.smt,,0,2395,749,526,50,838,1754,597,1,0
P: @exp6 -file,C:\temp\smtmuc\benchmarks\QF_LRA,gasburner-prop3-13.smt,,0,477,205,191,24,399,1344,243,1,0
P: @exp6 -file,C:\temp\smtmuc\benchmarks\QF_LRA,clocksynchro_8clocks.worst_case_skew.base.smt,,0,24,6,6,1,47,24,35,1,1
P: @exp6 -file,C:\temp\smtmuc\benchmarks\QF_IDL,DTP_k2_n35_c245_s16.smt,,0,245,222,186,392,3146,4483,2428,1,0
P: @exp6 -file,C:\temp\smtmuc\benchmarks\QF_LIA,FISCHER5-5-fair.smt,,0,2086,765,548,55,562,1875,278,1,0
P: @exp6 -file,C:\temp\smtmuc\benchmarks\QF_UF,NEQ015_size5.smt,,0,12703,68,55,906,1561,3224,486,1,0
P: @exp6 -file,C:\temp\smtmuc\benchmarks\QF_LIA,FISCHER11-7-fair.smt,,0,6518,2815,1941,635,5453,6901,4049,1,0
P: @exp6 -file,C:\temp\smtmuc\benchmarks\QF_LIA,ParallelPrefixSum_safe_blmc006.smt,,0,35386,203,189,986,1424,406,40,1,1
P: @exp6 -file,C:\temp\smtmuc\benchmarks\QF_RDL,fischer6-mutex-13.smt,1,,,,,,,,,,
P: @exp6 -file,C:\temp\smtmuc\benchmarks\QF_LIA,FISCHER8-5-fair.smt,,0,3388,1328,770,113,1008,3139,489,1,0
P: @exp6 -file,C:\temp\smtmuc\benchmarks\QF_IDL,BubbleSort_safe_blmc014.smt,,0,240741,785,759,6900,8735,1570,233,1,1
P: @exp6 -file,C:\temp\smtmuc\benchmarks\QF_LRA,sc-29.base.cvc.smt,,0,5392,2962,2125,20926,56320,14049,32538,1,0
P: @exp6 -file,C:\temp\smtmuc\benchmarks\QF_LRA,uart-19.base.cvc.smt,,0,4760,2059,1376,9039,76939,59592,65103,1,0
P: @exp6 -file,C:\temp\smtmuc\benchmarks\QF_LIA,b13_tf_100.smt,,0,19,4,4,1,47,8,21,1,1
P: @exp6 -file,C:\temp\smtmuc\benchmarks\QF_LRA,uart-31.base.cvc.smt,1,,,,,,,,,,
P: @exp6 -file,C:\temp\smtmuc\benchmarks\QF_IDL,qlock-4-10-8.base.cvc.smt,,0,9621,2468,1097,1926,6233,6820,3423,1,0
P: @exp6 -file,C:\temp\smtmuc\benchmarks\QF_IDL,PO3-5-PO3.smt,,0,4818,295,255,67,220,602,53,1,0
P: @exp6 -file,C:\temp\smtmuc\benchmarks\QF_IDL,inf-bakery-mutex-18.smt,,0,1785,846,646,199,1075,4059,572,1,0
P: @exp6 -file,C:\temp\smtmuc\benchmarks\QF_LIA,FISCHER5-8-fair.smt,,0,3262,1616,1051,269,2275,4166,1533,1,0
P: @exp6 -file,C:\temp\smtmuc\benchmarks\QF_UF,SEQ026_size5.smt,1,,,,,,,,,,
P: @exp6 -file,C:\temp\smtmuc\benchmarks\QF_UF,SEQ010_size8.smt,1,,,,,,,,,,
P: @exp6 -file,C:\temp\smtmuc\benchmarks\QF_LRA,sc-28.base.cvc.smt,,0,5207,2779,2069,14955,44067,12646,27049,1,0
P: @exp6 -file,C:\temp\smtmuc\benchmarks\QF_LRA,uart-12.base.cvc.smt,,0,3017,1041,700,1173,7645,15907,5660,1,0
P: @exp6 -file,C:\temp\smtmuc\benchmarks\QF_LIA,ckt_PROP2_tf_25.smt,,0,695,38,36,53,278,1019,134,1,0
P: @exp6 -file,C:\temp\smtmuc\benchmarks\QF_LRA,gasburner-prop3-12.smt,,0,440,176,173,16,351,1015,163,1,0
P: @exp6 -file,C:\temp\smtmuc\benchmarks\QF_LRA,sc-12.base.cvc.smt,,0,2247,1009,781,848,4917,4624,3564,1,0
P: @exp6 -file,C:\temp\smtmuc\benchmarks\QF_LRA,sc-31.base.cvc.smt,,0,5762,3178,2288,28493,76751,15202,44432,1,0
P: @exp6 -file,C:\temp\smtmuc\benchmarks\QF_LRA,sc-8.base.cvc.smt,,0,1507,563,459,223,1496,2563,1004,1,0
P: @exp6 -file,C:\temp\smtmuc\benchmarks\QF_LRA,tgc_io-safe-6.smt,,0,1551,321,266,29,332,850,88,1,0
P: @exp6 -file,C:\temp\smtmuc\benchmarks\QF_LIA,SIMPLEBITADDER_COMPOSE_2.msat.smt,,0,84,61,60,4,175,169,131,1,0
P: @exp6 -file,C:\temp\smtmuc\benchmarks\QF_UF,NEQ048_size6.smt,,0,571,487,453,4138,540434,289550,532404,1,0
P: @exp6 -file,C:\temp\smtmuc\benchmarks\QF_RDL,abz7_500.smt,,0,3171,193,193,2445,6209,1841,3384,1,0
P: @exp6 -file,C:\temp\smtmuc\benchmarks\QF_UF,NEQ004_size4.smt,,0,303,177,129,75,1998,7097,1658,1,0
P: @exp6 -file,C:\temp\smtmuc\benchmarks\QF_LIA,SIMPLEBITADDER_COMPOSE_5.msat.smt,,0,174,154,150,209,189163,2417,187708,1,0
P: @exp6 -file,C:\temp\smtmuc\benchmarks\QF_RDL,fischer6-mutex-18.smt,1,,,,,,,,,,
P: @exp6 -file,C:\temp\smtmuc\benchmarks\QF_LRA,simple_startup_10nodes.abstract.base.smt,,0,2995,182,182,79,234,689,49,1,1
P: @exp6 -file,C:\temp\smtmuc\benchmarks\QF_UF,SEQ020_size2.smt,,0,99,16,16,3,207,87,154,1,1
P: @exp6 -file,C:\temp\smtmuc\benchmarks\QF_LIA,FISCHER4-4-fair.smt,,0,1351,380,289,24,202,859,79,1,0
P: @exp6 -file,C:\temp\smtmuc\benchmarks\QF_LRA,clocksynchro_9clocks.main_invar.induct.smt,1,,,,,,,,,,
P: @exp6 -file,C:\temp\smtmuc\benchmarks\QF_IDL,plan-6.cvc.smt,,0,1817,219,125,36,138,437,36,1,1
P: @exp6 -file,C:\temp\smtmuc\benchmarks\QF_LIA,ParallelPrefixSum_safe_bgmc002.smt,,0,3593,25,25,69,126,38,23,1,1
P: @exp6 -file,C:\temp\smtmuc\benchmarks\QF_RDL,fischer3-mutex-9.smt,,0,2973,1579,894,704,4951,7488,3414,1,0
P: @exp6 -file,C:\temp\smtmuc\benchmarks\QF_LRA,simple_startup_11nodes.abstract.induct.smt,1,,,,,,,,,,
P: @exp6 -file,C:\temp\smtmuc\benchmarks\QF_LIA,SIMPLEBITADDER_COMPOSE_7.msat.smt,1,,,,,,,,,,
P: @exp6 -file,C:\temp\smtmuc\benchmarks\QF_RDL,fischer3-mutex-7.smt,,0,2321,817,503,138,986,3112,497,1,0
P: @exp6 -file,C:\temp\smtmuc\benchmarks\QF_LIA,FISCHER9-9-fair.smt,,0,6706,3593,2213,1411,8309,9520,5770,1,0
P: @exp6 -file,C:\temp\smtmuc\benchmarks\QF_LRA,sc-23.base.cvc.smt,,0,4282,2233,1659,9140,25567,10482,15002,1,0
P: @exp6 -file,C:\temp\smtmuc\benchmarks\QF_LIA,ckt_PROP1_tf_25.smt,,0,697,52,39,188,4943,10256,4361,1,0
P: @exp6 -file,C:\temp\smtmuc\benchmarks\QF_RDL,fischer6-mutex-17.smt,1,,,,,,,,,,
P: @exp6 -file,C:\temp\smtmuc\benchmarks\QF_UF,NEQ031_size8.smt,1,,,,,,,,,,
P: @exp6 -file,C:\temp\smtmuc\benchmarks\QF_LIA,FISCHER9-8-fair.smt,,0,5988,3255,1873,953,5922,8366,4015,1,0
P: @exp6 -file,C:\temp\smtmuc\benchmarks\QF_LRA,uart-33.base.cvc.smt,1,,,,,,,,,,
P: @exp6 -file,C:\temp\smtmuc\benchmarks\QF_LRA,tgc_io-safe-5.smt,,0,1293,224,189,26,167,611,56,1,0
P: @exp6 -file,C:\temp\smtmuc\benchmarks\QF_LRA,tgc_io-safe-12.smt,,0,3099,1218,866,151,1804,3532,1281,1,0
P: @exp6 -file,C:\temp\smtmuc\benchmarks\QF_IDL,qlock-4-10-19.base.cvc.smt,1,,,,,,,,,,
P: @exp6 -file,C:\temp\smtmuc\benchmarks\QF_RDL,fischer9-mutex-6.smt,,0,7185,2243,1428,477,3355,7045,2075,1,0
P: @exp6 -file,C:\temp\smtmuc\benchmarks\QF_RDL,fischer9-mutex-14.smt,1,,,,,,,,,,
P: @exp6 -file,C:\temp\smtmuc\benchmarks\QF_IDL,BubbleSort_safe_blmc012.smt,,0,193249,597,572,5868,7386,1194,197,1,1
P: @exp6 -file,C:\temp\smtmuc\benchmarks\QF_IDL,PO3-2-PO3.smt,,0,1986,48,48,24,70,90,22,1,1
P: @exp6 -file,C:\temp\smtmuc\benchmarks\QF_UF,SEQ026_size4.smt,1,,,,,,,,,,
P: @exp6 -file,C:\temp\smtmuc\benchmarks\QF_LRA,fs_no_op_accs.base.smt,,0,1649,220,89,53,293,1303,89,1,0
P: @exp6 -file,C:\temp\smtmuc\benchmarks\QF_LRA,windowreal-no_t_deadlock-2.smt,,0,678,33,27,11,49,64,22,1,1
P: @exp6 -file,C:\temp\smtmuc\benchmarks\QF_LIA,FISCHER3-6-fair.smt,,0,1483,658,468,44,493,1647,220,1,0
P: @exp6 -file,C:\temp\smtmuc\benchmarks\QF_LIA,FISCHER9-3-fair.smt,,0,2398,443,417,44,251,901,91,1,0
P: @exp6 -file,C:\temp\smtmuc\benchmarks\QF_LRA,simple_startup_9nodes.abstract.base.smt,,0,2593,165,165,69,211,623,44,1,1
P: @exp6 -file,C:\temp\smtmuc\benchmarks\QF_LRA,uart-25.base.cvc.smt,,0,6254,2959,1936,34032,357331,146309,315739,1,0
P: @exp6 -file,C:\temp\smtmuc\benchmarks\QF_IDL,BubbleSort_live_blmc010.smt,,0,312446,386,386,8637,10716,740,71,1,1
P: @exp6 -file,C:\temp\smtmuc\benchmarks\QF_UF,NEQ027_size11.smt,1,,,,,,,,,,
P: @exp6 -file,C:\temp\smtmuc\benchmarks\QF_RDL,fischer6-mutex-5.smt,,0,3655,884,643,119,803,2723,342,1,0
P: @exp6 -file,C:\temp\smtmuc\benchmarks\QF_LIA,FISCHER8-3-fair.smt,,0,2118,394,353,40,224,805,79,1,0
P: @exp6 -file,C:\temp\smtmuc\benchmarks\QF_LRA,clocksynchro_8clocks.worst_case_skew.induct.smt,1,,,,,,,,,,
P: @exp6 -file,C:\temp\smtmuc\benchmarks\QF_LRA,clocksynchro_6clocks.main_invar.induct.smt,,0,1356,895,864,98140,132444,5938,33228,1,0
P: @exp6 -file,C:\temp\smtmuc\benchmarks\QF_LRA,bignum_lra2.smt,,0,7,7,7,8,163,93,112,1,1
P: @exp6 -file,C:\temp\smtmuc\benchmarks\QF_LIA,FISCHER10-5-fair.smt,,0,4286,1524,964,151,1260,3616,686,1,0
P: @exp6 -file,C:\temp\smtmuc\benchmarks\QF_LIA,int_incompleteness3.smt,,0,3,3,3,29,58,13,22,1,1
P: @exp6 -file,C:\temp\smtmuc\benchmarks\QF_UF,SEQ019_size4.smt,,0,299,149,116,26,3193,6091,2950,1,0
P: @exp6 -file,C:\temp\smtmuc\benchmarks\QF_LIA,FISCHER10-11-fair.smt,,0,9098,5945,3390,13830,151815,16960,134478,1,0
P: @exp6 -file,C:\temp\smtmuc\benchmarks\QF_IDL,SelectionSort_safe_blmc012.smt,,0,156326,770,730,4407,5763,1540,220,1,1
P: @exp6 -file,C:\temp\smtmuc\benchmarks\QF_UF,PEQ004_size9.smt,1,,,,,,,,,,
P: @exp6 -file,C:\temp\smtmuc\benchmarks\QF_UF,NEQ031_size10.smt,1,,,,,,,,,,
P: @exp6 -file,C:\temp\smtmuc\benchmarks\QF_LRA,simple_startup_8nodes.abstract.induct.smt,,0,7592,6394,4210,64114,470616,84211,398795,1,0
P: @exp6 -file,C:\temp\smtmuc\benchmarks\QF_LIA,MULTIPLIER_2.msat.smt,,0,51,36,35,3,87,195,47,1,0
P: @exp6 -file,C:\temp\smtmuc\benchmarks\QF_LRA,sc-13.base.cvc.smt,,0,2432,1165,848,1547,7162,5526,4985,1,0
P: @exp6 -file,C:\temp\smtmuc\benchmarks\QF_RDL,orb08_830.smt,,0,561,276,263,5577,519468,7821,510774,1,0
P: @exp6 -file,C:\temp\smtmuc\benchmarks\QF_LRA,clocksynchro_4clocks.main_invar.base.smt,,0,629,91,91,38,214,777,74,1,1
P: @exp6 -file,C:\temp\smtmuc\benchmarks\QF_RDL,skdmxa-3x3-10.base.cvc.smt,,0,80047,5318,2019,17813,25806,14906,5767,0,1
P: @exp6 -file,C:\temp\smtmuc\benchmarks\QF_LRA,gasburner-prop3-15.smt,,0,551,225,219,25,477,1312,309,1,0
P: @exp6 -file,C:\temp\smtmuc\benchmarks\QF_IDL,cache_neg.1step.smt,,0,69,5,5,2,33,6,21,1,1
P: @exp6 -file,C:\temp\smtmuc\benchmarks\QF_RDL,fischer3-mutex-5.smt,,0,1669,467,298,44,487,1874,135,1,0
P: @exp6 -file,C:\temp\smtmuc\benchmarks\QF_LIA,MULTIPLIER_9.msat.smt,1,,,,,,,,,,
P: @exp6 -file,C:\temp\smtmuc\benchmarks\QF_LIA,ParallelPrefixSum_safe_blmc002.smt,,0,13385,62,62,352,574,124,54,1,1
P: @exp6 -file,C:\temp\smtmuc\benchmarks\QF_LIA,FISCHER10-4-fair.smt,,0,3484,1008,795,82,778,2342,417,1,0
P: @exp6 -file,C:\temp\smtmuc\benchmarks\QF_LIA,ckt_PROP1_tf_20.smt,,0,467,32,24,72,351,1890,173,1,0
P: @exp6 -file,C:\temp\smtmuc\benchmarks\QF_IDL,diamonds.11.10.i.a.u.smt,1,,,,,,,,,,
P: @exp6 -file,C:\temp\smtmuc\benchmarks\QF_IDL,plan-42.cvc.smt,,0,14705,5763,2140,6170,17324,15100,9043,1,0
P: @exp6 -file,C:\temp\smtmuc\benchmarks\QF_LRA,pursuit-safety-4.smt,,0,598,169,110,18,155,772,63,1,0
P: @exp6 -file,C:\temp\smtmuc\benchmarks\QF_LIA,FISCHER8-11-fair.smt,,0,7198,4958,2731,10969,89150,14203,75209,1,0
P: @exp6 -file,C:\temp\smtmuc\benchmarks\QF_UF,SEQ042_size2.smt,,0,50,27,26,3,342,806,270,1,0
P: @exp6 -file,C:\temp\smtmuc\benchmarks\QF_RDL,fischer3-mutex-17.smt,1,,,,,,,,,,
P: @exp6 -file,C:\temp\smtmuc\benchmarks\QF_LIA,FISCHER7-7-fair.smt,,0,4054,1868,1219,220,2432,4549,1714,1,0
P: @exp6 -file,C:\temp\smtmuc\benchmarks\QF_UF,NEQ033_size4.smt,,0,2944,142,134,104,868,1307,621,1,0
P: @exp6 -file,C:\temp\smtmuc\benchmarks\QF_UF,PEQ003_size7.smt,,0,563,380,84,4634,258502,368525,249728,1,0
P: @exp6 -file,C:\temp\smtmuc\benchmarks\QF_UF,SEQ009_size9.smt,1,,,,,,,,,,
P: @exp6 -file,C:\temp\smtmuc\benchmarks\QF_LIA,SIMPLEBITADDER_COMPOSE_9.msat.smt,1,,,,,,,,,,
P: @exp6 -file,C:\temp\smtmuc\benchmarks\QF_UF,NEQ041_size7.smt,,0,722,165,136,1986,174255,38358,171507,1,0
P: @exp6 -file,C:\temp\smtmuc\benchmarks\QF_LIA,FISCHER10-13-fair.smt,1,,,,,,,,,,
P: @exp6 -file,C:\temp\smtmuc\benchmarks\QF_LIA,FISCHER5-6-fair.smt,,0,2478,1026,719,103,929,2439,434,1,0
P: @exp6 -file,C:\temp\smtmuc\benchmarks\QF_LRA,sc-9.base.cvc.smt,,0,1692,692,525,569,3252,3401,2290,1,0
P: @exp6 -file,C:\temp\smtmuc\benchmarks\QF_LRA,sc-21.base.cvc.smt,,0,3912,1982,1457,7163,19507,9127,11240,1,0
P: @exp6 -file,C:\temp\smtmuc\benchmarks\QF_RDL,abz5_1200.smt,1,,,,,,,,,,
P: @exp6 -file,C:\temp\smtmuc\benchmarks\QF_LIA,ckt_PROP3_tf_20.smt,,0,3551,430,346,100,597,1895,322,1,0
P: @exp6 -file,C:\temp\smtmuc\benchmarks\QF_UF,SEQ004_size6.smt,,0,1333,365,309,31,913,1522,671,1,0
P: @exp6 -file,C:\temp\smtmuc\benchmarks\QF_RDL,fischer6-mutex-7.smt,,0,5093,1795,1223,439,3092,6364,1934,1,0
P: @exp6 -file,C:\temp\smtmuc\benchmarks\QF_LRA,tgc_io-safe-9.smt,,0,2325,724,589,65,708,1933,428,1,0
P: @exp6 -file,C:\temp\smtmuc\benchmarks\QF_UF,NEQ023_size4.smt,,0,446,409,331,381,5733,9937,4966,1,0
P: @exp6 -file,C:\temp\smtmuc\benchmarks\QF_UF,NEQ032_size4.smt,,0,504,256,240,1202,64003,21039,62262,1,0
P: @exp6 -file,C:\temp\smtmuc\benchmarks\QF_UF,SEQ018_size7.smt,,0,1132,284,139,152,3490,6029,3059,1,0
P: @exp6 -file,C:\temp\smtmuc\benchmarks\QF_RDL,orb07_330.smt,,0,561,93,93,52,225,696,90,1,0
P: @exp6 -file,C:\temp\smtmuc\benchmarks\QF_UF,PEQ013_size5.smt,,0,810,447,351,344,203969,109209,201864,1,0
P: @exp6 -file,C:\temp\smtmuc\benchmarks\QF_LIA,MULTIPLIER_6.msat.smt,1,,,,,,,,,,
P: @exp6 -file,C:\temp\smtmuc\benchmarks\QF_IDL,FISCHER13-8-ninc.smt,,0,8719,3892,1028,24417,39976,8557,10652,1,1
P: @exp6 -file,C:\temp\smtmuc\benchmarks\QF_LIA,int_incompleteness1.smt,,0,1,1,1,1,4,0,0,1,1
P: @exp6 -file,C:\temp\smtmuc\benchmarks\QF_LIA,FISCHER11-11-fair.smt,,0,10066,6483,3652,16855,122220,18370,101284,1,0
P: @exp6 -file,C:\temp\smtmuc\benchmarks\QF_LRA,op_seen_more1.induction.smt,,0,1656,94,81,40,146,521,51,1,0
P: @exp6 -file,C:\temp\smtmuc\benchmarks\QF_UF,SEQ042_size3.smt,,0,120,115,92,53,2860,13386,2460,1,0
P: @exp6 -file,C:\temp\smtmuc\benchmarks\QF_LRA,sc-39.base.cvc.smt,,0,7242,3933,2945,41853,121507,17741,75136,1,
P: @exp6 -file,C:\temp\smtmuc\benchmarks\QF_LIA,FISCHER10-10-fair.smt,,0,8296,4995,2884,3990,36394,13623,30516,1,0
P: @exp6 -file,C:\temp\smtmuc\benchmarks\QF_LRA,reint_to_least.base.smt,,0,1099,56,56,36,162,419,44,1,0
P: @exp6 -file,C:\temp\smtmuc\benchmarks\QF_LIA,SIMPLEBITADDER_COMPOSE_6.msat.smt,1,,,,,,,,,,
P: @exp6 -file,C:\temp\smtmuc\benchmarks\QF_RDL,fischer3-mutex-12.smt,,0,3951,2423,1686,4178,33260,12799,27183,1,0
P: @exp6 -file,C:\temp\smtmuc\benchmarks\QF_UF,NEQ006_size3.smt,,0,493,241,194,231,4277,12593,3588,1,0
P: @exp6 -file,C:\temp\smtmuc\benchmarks\QF_IDL,qlock-4-10-18.base.cvc.smt,1,,,,,,,,,,
P: @exp6 -file,C:\temp\smtmuc\benchmarks\QF_LRA,clocksynchro_5clocks.main_invar.induct.smt,,0,1061,703,681,35597,52117,4685,15735,1,0
P: @exp6 -file,C:\temp\smtmuc\benchmarks\QF_LRA,pd_no_op_accs.induction.smt,,0,558,30,30,12,53,113,23,1,0
P: @exp6 -file,C:\temp\smtmuc\benchmarks\QF_UF,NEQ016_size8.smt,1,,,,,,,,,,
P: @exp6 -file,C:\temp\smtmuc\benchmarks\QF_LRA,clocksynchro_8clocks.main_invar.base.smt,,0,1529,163,163,81,499,1583,216,1,1
P: @exp6 -file,C:\temp\smtmuc\benchmarks\QF_LRA,sc-17.base.cvc.smt,,0,3172,1537,1165,4440,11480,7691,6220,1,0
P: @exp6 -file,C:\temp\smtmuc\benchmarks\QF_LRA,fs_window.base.smt,,0,1694,192,143,52,316,1061,113,1,0
P: @exp6 -file,C:\temp\smtmuc\benchmarks\QF_IDL,SortingNetwork4_safe_bgmc003.smt,,0,949,11,11,17,52,16,22,1,1
P: @exp6 -file,C:\temp\smtmuc\benchmarks\QF_IDL,FISCHER5-1-ninc.smt,,0,466,14,14,7,45,24,27,1,1
P: @exp6 -file,C:\temp\smtmuc\benchmarks\QF_IDL,plan-29.cvc.smt,,0,10051,3437,1432,1357,4611,8463,2329,1,0
P: @exp6 -file,C:\temp\smtmuc\benchmarks\QF_LRA,sc-35.base.cvc.smt,,0,6502,3576,2610,30321,91093,16966,56904,1,
P: @exp6 -file,C:\temp\smtmuc\benchmarks\QF_RDL,fischer9-mutex-11.smt,1,,,,,,,,,,
P: @exp6 -file,C:\temp\smtmuc\benchmarks\QF_UF,NEQ048_size8.smt,1,,,,,,,,,,
P: @exp6 -file,C:\temp\smtmuc\benchmarks\QF_LIA,SIMPLEBITADDER_COMPOSE_3.msat.smt,,0,114,98,89,11,311,346,238,1,0
P: @exp6 -file,C:\temp\smtmuc\benchmarks\QF_LRA,simple_startup_5nodes.synchro.induct.smt,,0,1600,209,164,144,1036,3218,590,1,1
P: @exp6 -file,C:\temp\smtmuc\benchmarks\QF_IDL,PO4-8-PO4.smt,,0,32807,1933,1186,848,2361,4062,921,1,0
P: @exp6 -file,C:\temp\smtmuc\benchmarks\QF_LIA,FISCHER5-7-fair.smt,,0,2870,1435,910,168,1518,3578,931,1,0
P: @exp6 -file,C:\temp\smtmuc\benchmarks\QF_RDL,fischer3-mutex-10.smt,,0,3299,1886,1061,1583,9453,9405,6721,1,0
P: @exp6 -file,C:\temp\smtmuc\benchmarks\QF_RDL,fischer6-mutex-15.smt,1,,,,,,,,,,
P: @exp6 -file,C:\temp\smtmuc\benchmarks\QF_RDL,fischer6-mutex-14.smt,1,,,,,,,,,,
P: @exp6 -file,C:\temp\smtmuc\benchmarks\QF_RDL,orb02_700.smt,,0,561,38,38,25,100,270,32,1,1
P: @exp6 -file,C:\temp\smtmuc\benchmarks\QF_IDL,FISCHER13-6-ninc.smt,,0,6601,1846,608,569,1699,3791,620,1,1
P: @exp6 -file,C:\temp\smtmuc\benchmarks\QF_LRA,Carpark2-ausgabe-7.smt,,0,3612,191,143,80,196,366,38,1,1
P: @exp6 -file,C:\temp\smtmuc\benchmarks\QF_IDL,int_incompleteness1.smt,,0,5,5,5,0,28,11,20,1,1
P: @exp6 -file,C:\temp\smtmuc\benchmarks\QF_IDL,SortingNetwork8_safe_bgmc005.smt,,0,8915,33,33,199,274,56,22,1,1
P: @exp6 -file,C:\temp\smtmuc\benchmarks\QF_UF,SEQ013_size5.smt,,0,244,214,196,752,48681,93154,46733,1,0
P: @exp6 -file,C:\temp\smtmuc\benchmarks\QF_LRA,sc-36.base.cvc.smt,,0,6687,3577,2696,29253,96990,16504,64704,1,
P: @exp6 -file,C:\temp\smtmuc\benchmarks\QF_RDL,skdmxa-3x3-10.smt,,0,82387,2274,1006,10919,21978,14769,9136,1,0
P: @exp6 -file,C:\temp\smtmuc\benchmarks\QF_RDL,fischer3-mutex-16.smt,,0,5255,3367,2091,8253,401921,17996,390773,1,0
P: @exp6 -file,C:\temp\smtmuc\benchmarks\QF_UF,PEQ013_size7.smt,1,,,,,,,,,,
P: @exp6 -file,C:\temp\smtmuc\benchmarks\QF_UF,SEQ011_size3.smt,,0,433,67,58,30,336,648,191,1,0
P: @exp6 -file,C:\temp\smtmuc\benchmarks\QF_UF,PEQ019_size4.smt,,0,197,145,133,46,32218,25849,30933,1,0
P: @exp6 -file,C:\temp\smtmuc\benchmarks\QF_LIA,bignum_lia1.smt,,0,7,7,7,2,45,79,26,1,1
P: @exp6 -file,C:\temp\smtmuc\benchmarks\QF_LIA,SIMPLEBITADDER_COMPOSE_8.msat.smt,1,,,,,,,,,,
P: @exp6 -file,C:\temp\smtmuc\benchmarks\QF_RDL,skdmxa-3x3-12.base.cvc.smt,,0,95961,10002,3401,142510,209626,28092,57963,1,
P: @exp6 -file,C:\temp\smtmuc\benchmarks\QF_LRA,sc-27.base.cvc.smt,,0,5022,2720,1966,17720,45158,12911,25239,1,0
P: @exp6 -file,C:\temp\smtmuc\benchmarks\QF_UF,SEQ026_size6.smt,1,,,,,,,,,,
P: @exp6 -file,C:\temp\smtmuc\benchmarks\QF_RDL,skdmxa-3x3-20.smt,1,,,,,,,,,,
P: @exp6 -file,C:\temp\smtmuc\benchmarks\QF_UF,NEQ004_size7.smt,,0,1053,633,545,2562,24632,64353,20178,1,0
P: @exp6 -file,C:\temp\smtmuc\benchmarks\QF_LIA,FISCHER6-5-fair.smt,,0,2514,877,659,63,675,2136,331,1,0
P: @exp6 -file,C:\temp\smtmuc\benchmarks\QF_IDL,jobshop6-2-3-3-4-4-11.smt,,0,72,26,26,6,82,250,38,1,1
P: @exp6 -file,C:\temp\smtmuc\benchmarks\QF_UF,PEQ014_size9.smt,1,,,,,,,,,,
P: @exp6 -file,C:\temp\smtmuc\benchmarks\QF_UF,SEQ050_size3.smt,,0,102,97,87,39,1649,10672,1320,1,0
P: @exp6 -file,C:\temp\smtmuc\benchmarks\QF_RDL,fischer3-mutex-2.smt,,0,691,91,91,14,89,204,36,1,1
P: @exp6 -file,C:\temp\smtmuc\benchmarks\QF_LIA,FISCHER5-3-fair.smt,,0,1302,266,243,21,146,555,50,1,0
P: @exp6 -file,C:\temp\smtmuc\benchmarks\QF_LRA,op_seen_less2.induction.smt,,0,2159,76,75,46,139,367,40,1,0
P: @exp6 -file,C:\temp\smtmuc\benchmarks\QF_UF,NEQ032_size6.smt,1,,,,,,,,,,
P: @exp6 -file,C:\temp\smtmuc\benchmarks\QF_LRA,clocksynchro_4clocks.worst_case_skew.base.smt,,0,16,6,6,1,44,24,22,1,1
P: @exp6 -file,C:\temp\smtmuc\benchmarks\QF_LRA,simple_startup_6nodes.abstract.induct.smt,,0,4897,4092,2707,25217,169815,64502,139562,1,0
P: @exp6 -file,C:\temp\smtmuc\benchmarks\QF_RDL,fischer6-mutex-3.smt,,0,2217,396,298,50,281,1039,76,1,0
P: @exp6 -file,C:\temp\smtmuc\benchmarks\QF_LRA,simple_startup_5nodes.synchro.base.smt,,0,1569,84,84,37,144,283,49,1,1
P: @exp6 -file,C:\temp\smtmuc\benchmarks\QF_RDL,bignum_rdl2.smt,,0,4,4,4,1,44,22,21,1,1
P: @exp6 -file,C:\temp\smtmuc\benchmarks\QF_UF,SEQ017_size4.smt,,0,348,143,115,69,6809,18732,6455,1,0
P: @exp6 -file,C:\temp\smtmuc\benchmarks\QF_UF,PEQ003_size8.smt,1,,,,,,,,,,
P: @exp6 -file,C:\temp\smtmuc\benchmarks\QF_LIA,FISCHER9-7-fair.smt,,0,5270,2372,1636,411,3418,5823,2371,1,0
P: @exp6 -file,C:\temp\smtmuc\benchmarks\QF_UF,PEQ011_size7.smt,1,,,,,,,,,,
P: @exp6 -file,C:\temp\smtmuc\benchmarks\QF_RDL,fischer6-mutex-12.smt,,0,8688,5268,3257,42271,293051,25640,244667,1,0
P: @exp6 -file,C:\temp\smtmuc\benchmarks\QF_LIA,ParallelPrefixSum_safe_bgmc003.smt,,0,6346,54,54,137,242,96,36,1,1
P: @exp6 -file,C:\temp\smtmuc\benchmarks\QF_LRA,clocksynchro_7clocks.main_invar.induct.smt,,0,1681,1100,1058,174923,247866,7453,71546,1,0
P: @exp6 -file,C:\temp\smtmuc\benchmarks\QF_UF,PEQ002_size6.smt,1,,,,,,,,,,
P: @exp6 -file,C:\temp\smtmuc\benchmarks\QF_IDL,PO4-4-PO4.smt,,0,16575,510,416,274,551,1028,91,1,0
P: @exp6 -file,C:\temp\smtmuc\benchmarks\QF_LIA,ckt_PROP2_tf_30.smt,,0,975,45,41,101,461,1331,236,1,0
P: @exp6 -file,C:\temp\smtmuc\benchmarks\QF_LIA,wisa5.smt,1,,,,,,,,,,
P: @exp6 -file,C:\temp\smtmuc\benchmarks\QF_LRA,tgc_io-safe-11.smt,,0,2841,978,773,104,1434,2660,1034,1,0
P: @exp6 -file,C:\temp\smtmuc\benchmarks\QF_RDL,fischer3-mutex-3.smt,,0,1017,185,157,20,134,538,46,1,0
P: @exp6 -file,C:\temp\smtmuc\benchmarks\QF_RDL,skdmxa-3x3-5.smt,,0,41402,1347,405,1569,3829,6484,1378,1,0
P: @exp6 -file,C:\temp\smtmuc\benchmarks\QF_IDL,ckt_PROP2_tf_30.smt,,0,25832,601,601,546,1016,1361,197,1,1
P: @exp6 -file,C:\temp\smtmuc\benchmarks\QF_UF,PEQ020_size5.smt,,0,486,236,164,730,23801,118168,22032,1,0
P: @exp6 -file,C:\temp\smtmuc\benchmarks\QF_UF,NEQ023_size7.smt,1,,,,,,,,,,
P: @exp6 -file,C:\temp\smtmuc\benchmarks\QF_RDL,fischer9-mutex-10.smt,,0,11921,6867,4248,86745,503990,30434,404376,1,0
P: @exp6 -file,C:\temp\smtmuc\benchmarks\QF_LRA,clocksynchro_3clocks.main_invar.induct.smt,,0,577,384,356,7776,10327,2730,2172,1,0
P: @exp6 -file,C:\temp\smtmuc\benchmarks\QF_IDL,InsertionSort_safe_blmc004.smt,,0,54994,188,188,1217,1591,376,35,1,1
P: @exp6 -file,C:\temp\smtmuc\benchmarks\QF_LRA,tgc_io-safe-3.smt,,0,777,73,55,12,74,198,25,1,1
P: @exp6 -file,C:\temp\smtmuc\benchmarks\QF_UF,PEQ010_size7.smt,,0,1120,51,42,1180,5290,33062,3717,1,0
P: @exp6 -file,C:\temp\smtmuc\benchmarks\QF_LIA,FISCHER11-13-fair.smt,1,,,,,,,,,,
P: @exp6 -file,C:\temp\smtmuc\benchmarks\QF_UF,NEQ016_size7.smt,1,,,,,,,,,,
P: @exp6 -file,C:\temp\smtmuc\benchmarks\QF_UF,NEQ033_size5.smt,1,,,,,,,,,,
P: @exp6 -file,C:\temp\smtmuc\benchmarks\QF_UF,PEQ016_size5.smt,1,,,,,,,,,,
P: @exp6 -file,C:\temp\smtmuc\benchmarks\QF_LIA,ParallelPrefixSum_live_blmc002.smt,,0,10950,19,19,237,366,30,22,1,1
P: @exp6 -file,C:\temp\smtmuc\benchmarks\QF_RDL,fischer6-mutex-16.smt,1,,,,,,,,,,
P: @exp6 -file,C:\temp\smtmuc\benchmarks\QF_RDL,fischer9-mutex-8.smt,,0,9553,4541,3006,5183,32136,16802,24589,1,0
P: @exp6 -file,C:\temp\smtmuc\benchmarks\QF_UF,PEQ002_size5.smt,,0,539,423,403,1147,591112,194707,585431,1,0
P: @exp6 -file,C:\temp\smtmuc\benchmarks\QF_UF,NEQ041_size6.smt,,0,496,121,109,296,5580,10405,4976,1,0
P: @exp6 -file,C:\temp\smtmuc\benchmarks\QF_UF,SEQ035_size4.smt,,0,90,88,84,171,16165,30508,15362,1,0
P: @exp6 -file,C:\temp\smtmuc\benchmarks\QF_IDL,SortingNetwork8_live_blmc006.smt,,0,55060,8,8,1538,1871,12,21,1,1
P: @exp6 -file,C:\temp\smtmuc\benchmarks\QF_LRA,clocksynchro_8clocks.main_invar.induct.smt,1,,,,,,,,,,
P: @exp6 -file,C:\temp\smtmuc\benchmarks\QF_UF,SEQ020_size3.smt,,0,451,64,52,28,281,553,192,1,0
P: @exp6 -file,C:\temp\smtmuc\benchmarks\QF_LIA,FISCHER4-5-fair.smt,,0,1664,546,416,34,366,1294,188,1,0
P: @exp6 -file,C:\temp\smtmuc\benchmarks\QF_RDL,fischer9-mutex-1.smt,,0,1265,126,126,25,126,304,52,1,1
P: @exp6 -file,C:\temp\smtmuc\benchmarks\QF_UF,PEQ012_size3.smt,,0,105,77,59,75,3096,21173,2162,1,0
P: @exp6 -file,C:\temp\smtmuc\benchmarks\QF_UF,SEQ005_size9.smt,,0,2750,218,173,1220,8577,11054,6917,1,0
P: @exp6 -file,C:\temp\smtmuc\benchmarks\QF_LRA,sc-6.base.cvc.smt,,0,1137,381,298,112,631,1765,336,1,0
P: @exp6 -file,C:\temp\smtmuc\benchmarks\QF_IDL,BubbleSort_safe_blmc016.smt,,0,297011,864,819,8401,10778,1728,271,1,1
P: @exp6 -file,C:\temp\smtmuc\benchmarks\QF_IDL,lpsat-goal-1.smt,,0,1962,5,5,29,68,36,21,1,1
P: @exp6 -file,C:\temp\smtmuc\benchmarks\QF_UF,NEQ023_size6.smt,1,,,,,,,,,,
P: @exp6 -file,C:\temp\smtmuc\benchmarks\QF_UF,NEQ027_size10.smt,1,,,,,,,,,,
P: @exp6 -file,C:\temp\smtmuc\benchmarks\QF_LIA,MULTIPLIER_8.msat.smt,1,,,,,,,,,,
P: @exp6 -file,C:\temp\smtmuc\benchmarks\QF_UF,PEQ019_size5.smt,,0,383,279,267,242,395568,93978,392979,1,0
P: @exp6 -file,C:\temp\smtmuc\benchmarks\QF_LIA,ParallelPrefixSum_live_bgmc003.smt,,0,5444,18,18,114,450,30,258,1,1
P: @exp6 -file,C:\temp\smtmuc\benchmarks\QF_IDL,bignum_idl2.smt,,0,4,4,4,1,37,8,29,1,1
P: @exp6 -file,C:\temp\smtmuc\benchmarks\QF_UF,SEQ032_size2.smt,,0,23,21,15,1,591,595,161,1,0
P: @exp6 -file,C:\temp\smtmuc\benchmarks\QF_RDL,fischer3-mutex-11.smt,,0,3625,2109,1227,2689,25798,10930,21696,1,0
